{
    "counter": {
        "ACTIVE": 966,
        "INACTIVE": 49,
        "INVALID": 0,
        "MALICIOUS": 0,
        "SANE": 0,
        "VALID": 0,
        "total": 1015
    },
    "percentage": {
        "ACTIVE": 95.17241379310344,
        "INACTIVE": 5.314533622559653,
        "INVALID": 0,
        "MALICIOUS": 0,
        "SANE": 0,
        "VALID": 0,
        "total": 100.4869474156631
    }
}