{
    "counter": {
        "ACTIVE": 1213,
        "INACTIVE": 5,
        "INVALID": 0,
        "MALICIOUS": 0,
        "SANE": 0,
        "VALID": 0,
        "total": 1218
    },
    "percentage": {
        "ACTIVE": 99.58949096880131,
        "INACTIVE": 2.2222222222222223,
        "INVALID": 0,
        "MALICIOUS": 0,
        "SANE": 0,
        "VALID": 0,
        "total": 101.81171319102354
    }
}