{
    "counter": {
        "ACTIVE": 1204,
        "INACTIVE": 55,
        "INVALID": 0,
        "MALICIOUS": 0,
        "SANE": 0,
        "VALID": 0,
        "total": 1259
    },
    "percentage": {
        "ACTIVE": 95.63145353455123,
        "INACTIVE": 4.766031195840554,
        "INVALID": 0,
        "MALICIOUS": 0,
        "SANE": 0,
        "VALID": 0,
        "total": 100.39748473039178
    }
}