{
    "counter": {
        "ACTIVE": 797,
        "INACTIVE": 2,
        "INVALID": 0,
        "MALICIOUS": 0,
        "SANE": 0,
        "VALID": 0,
        "total": 799
    },
    "percentage": {
        "ACTIVE": 99.7496871088861,
        "INACTIVE": 0.33167495854063017,
        "INVALID": 0,
        "MALICIOUS": 0,
        "SANE": 0,
        "VALID": 0,
        "total": 100.08136206742674
    }
}