{
    "counter": {
        "ACTIVE": 1193,
        "INACTIVE": 6,
        "INVALID": 0,
        "MALICIOUS": 0,
        "SANE": 0,
        "VALID": 0,
        "total": 1199
    },
    "percentage": {
        "ACTIVE": 99.49958298582152,
        "INACTIVE": 0.9009009009009009,
        "INVALID": 0,
        "MALICIOUS": 0,
        "SANE": 0,
        "VALID": 0,
        "total": 100.40048388672243
    }
}