{
    "counter": {
        "ACTIVE": 1204,
        "INACTIVE": 1,
        "INVALID": 0,
        "MALICIOUS": 0,
        "SANE": 0,
        "VALID": 0,
        "total": 1205
    },
    "percentage": {
        "ACTIVE": 99.91701244813278,
        "INACTIVE": 0.704225352112676,
        "INVALID": 0,
        "MALICIOUS": 0,
        "SANE": 0,
        "VALID": 0,
        "total": 100.62123780024545
    }
}