{
    "counter": {
        "ACTIVE": 1248,
        "INACTIVE": 1,
        "INVALID": 0,
        "MALICIOUS": 0,
        "SANE": 0,
        "VALID": 0,
        "total": 1249
    },
    "percentage": {
        "ACTIVE": 99.919935948759,
        "INACTIVE": 0.08787346221441125,
        "INVALID": 0,
        "MALICIOUS": 0,
        "SANE": 0,
        "VALID": 0,
        "total": 100.00780941097342
    }
}