{
    "counter": {
        "ACTIVE": 1254,
        "INACTIVE": 1,
        "INVALID": 0,
        "MALICIOUS": 0,
        "SANE": 0,
        "VALID": 0,
        "total": 1255
    },
    "percentage": {
        "ACTIVE": 99.9203187250996,
        "INACTIVE": 0.36101083032490977,
        "INVALID": 0,
        "MALICIOUS": 0,
        "SANE": 0,
        "VALID": 0,
        "total": 100.28132955542452
    }
}