{
    "counter": {
        "ACTIVE": 668,
        "INACTIVE": 1,
        "INVALID": 0,
        "MALICIOUS": 0,
        "SANE": 0,
        "VALID": 0,
        "total": 669
    },
    "percentage": {
        "ACTIVE": 99.85052316890882,
        "INACTIVE": 0.7936507936507936,
        "INVALID": 0,
        "MALICIOUS": 0,
        "SANE": 0,
        "VALID": 0,
        "total": 100.64417396255962
    }
}