{
    "counter": {
        "ACTIVE": 1249,
        "INACTIVE": 7,
        "INVALID": 0,
        "MALICIOUS": 0,
        "SANE": 0,
        "VALID": 0,
        "total": 1256
    },
    "percentage": {
        "ACTIVE": 99.44267515923566,
        "INACTIVE": 0.6937561942517344,
        "INVALID": 0,
        "MALICIOUS": 0,
        "SANE": 0,
        "VALID": 0,
        "total": 100.1364313534874
    }
}