{
    "counter": {
        "ACTIVE": 330,
        "INACTIVE": 1,
        "INVALID": 0,
        "MALICIOUS": 0,
        "SANE": 0,
        "VALID": 0,
        "total": 331
    },
    "percentage": {
        "ACTIVE": 99.69788519637463,
        "INACTIVE": 0.7936507936507936,
        "INVALID": 0,
        "MALICIOUS": 0,
        "SANE": 0,
        "VALID": 0,
        "total": 100.49153599002543
    }
}