{
    "counter": {
        "ACTIVE": 796,
        "INACTIVE": 1,
        "INVALID": 0,
        "MALICIOUS": 0,
        "SANE": 0,
        "VALID": 0,
        "total": 797
    },
    "percentage": {
        "ACTIVE": 99.87452948557089,
        "INACTIVE": 0.7936507936507936,
        "INVALID": 0,
        "MALICIOUS": 0,
        "SANE": 0,
        "VALID": 0,
        "total": 100.66818027922169
    }
}