{
    "counter": {
        "ACTIVE": 1238,
        "INACTIVE": 3,
        "INVALID": 0,
        "MALICIOUS": 0,
        "SANE": 0,
        "VALID": 0,
        "total": 1241
    },
    "percentage": {
        "ACTIVE": 99.75825946817083,
        "INACTIVE": 0.2564102564102564,
        "INVALID": 0,
        "MALICIOUS": 0,
        "SANE": 0,
        "VALID": 0,
        "total": 100.0146697245811
    }
}