{
    "counter": {
        "ACTIVE": 1205,
        "INACTIVE": 2,
        "INVALID": 0,
        "MALICIOUS": 0,
        "SANE": 0,
        "VALID": 0,
        "total": 1207
    },
    "percentage": {
        "ACTIVE": 99.83429991714996,
        "INACTIVE": 0.16638935108153077,
        "INVALID": 0,
        "MALICIOUS": 0,
        "SANE": 0,
        "VALID": 0,
        "total": 100.0006892682315
    }
}