{
    "counter": {
        "ACTIVE": 346,
        "INACTIVE": 1,
        "INVALID": 0,
        "MALICIOUS": 0,
        "SANE": 0,
        "VALID": 0,
        "total": 347
    },
    "percentage": {
        "ACTIVE": 99.71181556195965,
        "INACTIVE": 0.38022813688212925,
        "INVALID": 0,
        "MALICIOUS": 0,
        "SANE": 0,
        "VALID": 0,
        "total": 100.09204369884178
    }
}