{
    "counter": {
        "ACTIVE": 1243,
        "INACTIVE": 1,
        "INVALID": 0,
        "MALICIOUS": 0,
        "SANE": 0,
        "VALID": 0,
        "total": 1244
    },
    "percentage": {
        "ACTIVE": 99.91961414790997,
        "INACTIVE": 0.17857142857142858,
        "INVALID": 0,
        "MALICIOUS": 0,
        "SANE": 0,
        "VALID": 0,
        "total": 100.0981855764814
    }
}